Workbook

Sheet Sheet3
A3: Brand | B3: Franchise | C3: Partner | D3: Landing Page | E3: Week End | F3: Year | G3: Sum of Spend | H3: Sum of Impressions
A4: Biolage | B4: Biolage | C4: Meta | D4: Amazon | E4: 45759 | F4: 45658 | G4: 4942.96 | H4: 1050863
A5: Biolage | B5: Biolage | C5: Meta | D5: Amazon | E5: 45766 | F5: 45658 | G5: 5373.93 | H5: 1140281
A6: Biolage | B6: Biolage | C6: Meta | D6: Amazon | E6: 45773 | F6: 45658 | G6: 5650.31 | H6: 1197599
A7: Biolage | B7: Biolage | C7: Meta | D7: Amazon | E7: 45780 | F7: 45658 | G7: 3226.41 | H7: 644320
A8: Biolage | B8: Biolage | C8: Meta | D8: Amazon | E8: 45787 | F8: 45658 | G8: 8820.06 | H8: 1753731
A9: Biolage | B9: Biolage | C9: Meta | D9: Amazon | E9: 45794 | F9: 45658 | G9: 9400.39 | H9: 1598978
A10: Biolage | B10: Biolage | C10: Meta | D10: Amazon | E10: 45801 | F10: 45658 | G10: 10024.77 | H10: 1577712
A11: Biolage | B11: Biolage | C11: Meta | D11: Amazon | E11: 45808 | F11: 45658 | G11: 8309.74 | H11: 1366302
A12: Biolage | B12: Biolage | C12: Meta | D12: Amazon | E12: 45815 | F12: 45658 | G12: 8981.7 | H12: 1381280
A13: Biolage | B13: Biolage | C13: Meta | D13: Amazon | E13: 45822 | F13: 45658 | G13: 12282.27 | H13: 1482114
A14: Biolage | B14: Biolage | C14: Meta | D14: Amazon | E14: 45829 | F14: 45658 | G14: 7078.1 | H14: 886913
A15: Biolage | B15: Biolage | C15: Meta | D15: Other | E15: 45227 | F15: 44927 | G15: 596.14 | H15: 52281
... A224: Biolage | B224: Scalp Sync | C224: Pinterest | D224: Ulta | E224: 45444 | F224: 45292 | G224: 9641.2184 | H224: 2486671

Sheet sheet1
A1: Brand | B1: Partner | C1: Campaign | D1: FranchiseExtract | E1: Franchise | F1: Year | G1: Landing Page | H1: Month | I1: Date | J1: Week End | K1: Spend | L1: Impressions
A2: Biolage | B2: Pinterest | C2: blg_othr_na_na_84570334_2023_q2_conversion-non-promo_other_amazon+ulta+conversion_v2 | D2: {=INDEX(_xlfn.TEXTSPLIT(C2,"_"),3)} -> na | E2: =VLOOKUP(D2,FranchiseMapping!$A$1:$B$15,2,FALSE) -> Biolage | F2: 44927 | G2: Ulta | H2: 45139 | I2: 45158 | J2: =I2 + (7 - WEEKDAY(I2, 1)) -> 45164 | K2: 304.29444 | L2: 70891
A3: Biolage | B3: TikTok | C3: blg_haca_bfr_full-rescue_auc_aw-video-views_x_x_YM00458406_q2_2025_bfr_001_x | D3: {=INDEX(_xlfn.TEXTSPLIT(C3,"_"),3)} -> bfr | E3: =VLOOKUP(D3,FranchiseMapping!$A$1:$B$15,2,FALSE) -> Full Rescue | F3: 45658 | G3: Ulta | H3: 45809 | I3: 45838 | J3: =I3 + (7 - WEEKDAY(I3, 1)) -> 45843 | K3: 111.02 | L3: 21455
A4: Biolage | B4: Meta | C4: blg_othr_q3-haca-colorlast_traffic-lctr_cons-tra-linkcli_none-customother_na_na_ym87093420_bcl_2023_bcl_x_x | D4: {=INDEX(_xlfn.TEXTSPLIT(C4,"_"),3)} -> q3-haca-colorlast | E4: =VLOOKUP(D4,FranchiseMapping!$A$1:$B$15,2,FALSE) -> Color Last | F4: 44927 | G4: Amazon | H4: 45139 | I4: 45139 | J4: =I4 + (7 - WEEKDAY(I4, 1)) -> 45143 | K4: 2578.55 | L4: 429368
A5: Biolage | B5: Meta | C5: blg_haca_scalp_na_cons-tra-linkcli_none-none_na_na_ym00356549_q1-q2-lctr_2024_bcp_002_x | D5: {=INDEX(_xlfn.TEXTSPLIT(C5,"_"),3)} -> scalp | E5: =VLOOKUP(D5,FranchiseMapping!$A$1:$B$15,2,FALSE) -> Scalp Sync | F5: 45292 | G5: Amazon | H5: 45352 | I5: 45380 | J5: =I5 + (7 - WEEKDAY(I5, 1)) -> 45381 | K5: 47.45 | L5: 8530
A6: Biolage | B6: Pinterest | C6: blg_othr_na_na_84570334_2023_q2_traffic_other_volumebloom-fulldensity+traffic_JBP | D6: {=INDEX(_xlfn.TEXTSPLIT(C6,"_"),3)} -> na | E6: =VLOOKUP(D6,FranchiseMapping!$A$1:$B$15,2,FALSE) -> Biolage | F6: 44927 | G6: Other | H6: 45139 | I6: 45164 | J6: =I6 + (7 - WEEKDAY(I6, 1)) -> 45164 | K6: 1771.9486 | L6: 576979
A7: Biolage | B7: Meta | C7: blg_othr_q3-haca-colorlast_traffic-lctr_cons-tra-linkcli_none-customother_na_na_ym87093420_bcl_2023_bcl_x_x | D7: {=INDEX(_xlfn.TEXTSPLIT(C7,"_"),3)} -> q3-haca-colorlast | E7: =VLOOKUP(D7,FranchiseMapping!$A$1:$B$15,2,FALSE) -> Color Last | F7: 44927 | G7: Amazon | H7: 45139 | I7: 45148 | J7: =I7 + (7 - WEEKDAY(I7, 1)) -> 45150 | K7: 3811.89 | L7: 545970
A8: Biolage | B8: Meta | C8: blg_haca_hydrasource_bau_aw-aw-thruplay_none-none_na_na_ym00339376_q1-vvr_2024_bhs_001_x | D8: {=INDEX(_xlfn.TEXTSPLIT(C8,"_"),3)} -> hydrasource | E8: =VLOOKUP(D8,FranchiseMapping!$A$1:$B$15,2,FALSE) -> Hydrasource | F8: 45292 | G8: Other | H8: 45292 | I8: 45322 | J8: =I8 + (7 - WEEKDAY(I8, 1)) -> 45325 | K8: 1518.8 | L8: 298589
A9: Biolage | B9: Meta | C9: blg_haca_hydrasource_reelsonly_aw-aw-thruplay_none-none_na_na_ym00339376_q1-vvr_2024_bhs_001_x | D9: {=INDEX(_xlfn.TEXTSPLIT(C9,"_"),3)} -> hydrasource | E9: =VLOOKUP(D9,FranchiseMapping!$A$1:$B$15,2,FALSE) -> Hydrasource | F9: 45292 | G9: Ulta | H9: 45352 | I9: 45355 | J9: =I9 + (7 - WEEKDAY(I9, 1)) -> 45360 | K9: 905.08 | L9: 185712
A10: Biolage | B10: Meta | C10: blg_haca_bfr_fullrescue_cons-tra-linkcli_website-none_x_x_ym00458406_q2-q3_2025_bfr_001_x | D10: {=INDEX(_xlfn.TEXTSPLIT(C10,"_"),3)} -> bfr | E10: =VLOOKUP(D10,FranchiseMapping!$A$1:$B$15,2,FALSE) -> Full Rescue | F10: 45658 | G10: Ulta | H10: 45809 | I10: 45830 | J10: =I10 + (7 - WEEKDAY(I10, 1)) -> 45836 | K10: 1746.37 | L10: 166220
A11: Biolage | B11: Meta | C11: blg_haca_bfr_fullrescue_aw-aw-thruplay_none-none_x_x_ym00458406_q2-q3_2025_bfr_001_x | D11: {=INDEX(_xlfn.TEXTSPLIT(C11,"_"),3)} -> bfr | E11: =VLOOKUP(D11,FranchiseMapping!$A$1:$B$15,2,FALSE) -> Full Rescue | F11: 45658 | G11: Ulta | H11: 45778 | I11: 45804 | J11: =I11 + (7 - WEEKDAY(I11, 1)) -> 45808 | K11: 2470.43 | L11: 405349
A12: Biolage | B12: TikTok | C12: blg_haca_mult_ao-boosting_auc_aw-video-views_x_x_ym00437375_x_2025_blg_002_x | D12: {=INDEX(_xlfn.TEXTSPLIT(C12,"_"),3)} -> mult | E12: =VLOOKUP(D12,FranchiseMapping!$A$1:$B$15,2,FALSE) -> Biolage | F12: 45658 | G12: Ulta | H12: 45717 | I12: 45741 | J12: =I12 + (7 - WEEKDAY(I12, 1)) -> 45745 | K12: 2013.24 | L12: 498201
A13: Biolage | B13: TikTok | C13: blg_haca_mult_ao-boosting_auc_aw-video-views_x_x_ym00437375_x_2025_blg_002_x | D13: {=INDEX(_xlfn.TEXTSPLIT(C13,"_"),3)} -> mult | E13: =VLOOKUP(D13,FranchiseMapping!$A$1:$B$15,2,FALSE) -> Biolage | F13: 45658 | G13: Amazon | H13: 45809 | I13: 45810 | J13: =I13 + (7 - WEEKDAY(I13, 1)) -> 45815 | K13: 937.66 | L13: 274420
... A1895: Biolage | B1895: Meta | C1895: blg_haca_mult_agile-boosting_cons-eng-thruplay_none-none_x_x_ym00437375_x_2025_blg_002_x | D1895: {=INDEX(_xlfn.TEXTSPLIT(C1895,"_"),3)} -> mult | E1895: =VLOOKUP(D1895,FranchiseMapping!$A$1:$B$15,2,FALSE) -> Biolage | F1895: 45658 | G1895: Amazon | H1895: 45748 | I1895: 45774 | J1895: =I1895 + (7 - WEEKDAY(I1895, 1)) -> 45780 | K1895: 876.35 | L1895: 176960

Sheet Sheet4
A1: Franchise | B1: Biolage - Brand
A2: Channel | B2: OTT
A4: Row Labels | B4: Sum of Spend
A5: 45458 | B5: 273.6027
A6: 45465 | B6: 1784.906
A7: 45472 | B7: 1749.7381
A8: 45479 | B8: 1723.3786
A9: 45486 | B9: 1774.6779
A10: 45493 | B10: 1821.8292
A11: 45500 | B11: 1789.8894
A12: 45507 | B12: 688.8203
A13: 45780 | B13: 8507.5246
A14: 45787 | B14: 22785.651
A15: 45794 | B15: 24157.397
A16: 45801 | B16: 24013.283
... A21: 45836 | B21: 18826.382
A22: Grand Total | B22: 254300.29

Sheet Consolidated Media Data
A1: Brand | B1: Franchise | C1: Channel | D1: Platform | E1: Landing Page | F1: Week End (Sat) | G1: Year | H1: Spend | I1: Impressions | J1: WeekMapping | K1: Concat | L1: Final Grouping
A2: Biolage | B2: Biolage - Brand | C2: Social | D2: Pinterest | E2: Amazon | F2: 45108 | G2: 44927 | H2: 33.569313 | I2: 12647 | J2: PY | K2: Social-Pinterest | L2: Pinterest
A3: Biolage | B3: Biolage - Brand | C3: Social | D3: Pinterest | E3: Other | F3: 45108 | G3: 44927 | H3: 673.32787 | I3: 319241 | J3: PY | K3: Social-Pinterest | L3: Pinterest
A4: Biolage | B4: Biolage - Brand | C4: Social | D4: Pinterest | E4: Ulta | F4: 45108 | G4: 44927 | H4: 1431.8508 | I4: 145797 | J4: PY | K4: Social-Pinterest | L4: Ulta
A5: Biolage | B5: Hydra Source | C5: Display | D5: Amazon | E5: Amazon | F5: 45108 | G5: 44927 | H5: 954.9511 | I5: 106664 | J5: PY | K5: Display-Amazon | L5: Amazon
A6: Biolage | B6: Hydra Source | C6: Search | D6: Amazon | E6: Amazon | F6: 45108 | G6: 44927 | H6: 2859.39 | I6: 356095 | J6: PY | K6: Search-Amazon | L6: Amazon
A7: Biolage | B7: Biolage - Brand | C7: Display | D7: Amazon | E7: Amazon | F7: 45108 | G7: 44927 | H7: 6081.0296 | I7: 950878 | J7: PY | K7: Display-Amazon | L7: Amazon
A8: Biolage | B8: Biolage - Brand | C8: Search | D8: Amazon | E8: Amazon | F8: 45108 | G8: 44927 | H8: 2394.65 | I8: 231909 | J8: PY | K8: Search-Amazon | L8: Amazon
A9: Biolage | B9: Color Last | C9: Display | D9: Amazon | E9: Amazon | F9: 45108 | G9: 44927 | H9: 838.6344 | I9: 113183 | J9: PY | K9: Display-Amazon | L9: Amazon
A10: Biolage | B10: Color Last | C10: Search | D10: Amazon | E10: Amazon | F10: 45108 | G10: 44927 | H10: 3155.56 | I10: 401729 | J10: PY | K10: Search-Amazon | L10: Amazon
A11: Biolage | B11: Strength Recovery | C11: Display | D11: Amazon | E11: Amazon | F11: 45108 | G11: 44927 | H11: 740.4889 | I11: 87514 | J11: PY | K11: Display-Amazon | L11: Amazon
A12: Biolage | B12: Strength Recovery | C12: Search | D12: Amazon | E12: Amazon | F12: 45108 | G12: 44927 | H12: 1117.17 | I12: 142010 | J12: PY | K12: Search-Amazon | L12: Amazon
A13: Biolage | B13: Volume Bloom | C13: Display | D13: Amazon | E13: Amazon | F13: 45108 | G13: 44927 | H13: 709.2426 | I13: 102065 | J13: PY | K13: Display-Amazon | L13: Amazon
... A2417: Biolage | B2417: Full Rescue | C2417: CPP | D2417: DDM | E2417: Amazon | F2417: 45843 | G2417: 45658 | H2417: 1795.91 | I2417: 124320 | J2417: TTM | K2417: CPP-DDM | L2417: Programmatic

Sheet Spend Pivots
A3: Sum of Spend | B3: Column Labels
A4: Row Labels | B4: CPP-DDM | C4: Display-Amazon | D4: OTT-Amazon | E4: Search-Amazon | F4: Search-Google | G4: Social-Meta | H4: Social-Pinterest | I4: Social-TikTok | J4: Grand Total
A5: All in One | F5: 5286.7018 | J5: 5286.7018
A6: Blowdry Cream | G6: 23633 | J6: 23633
A7: Bond Therapy | C7: 21587.367 | E7: 29032.5 | F7: 5419.1289 | G7: 323624.28 | J7: 379663.28
A8: Color Last | C8: 799038.83 | E8: 1295363.3 | F8: 8222.2716 | G8: 199995.85 | J8: 2302620.2
A9: Full Density | F9: 9220.137 | J9: 9220.137
A10: Full Rescue | B10: 94675.35 | G10: 262918.33 | H10: 50000 | I10: 374960.28 | J10: 782553.96
A11: Hydra Source | C11: 797609.72 | E11: 1348405.9 | F11: 19047.883 | G11: 718990.15 | I11: 203278.61 | J11: 3087332.3
A12: Prime Day | G12: 247669.29 | J12: 247669.29
A13: Scalp Sync | C13: 321010.55 | D13: 58116.753 | E13: 579534.62 | F13: 18049.254 | G13: 224498.4 | H13: 224499.6 | J13: 1425709.2
A14: Smooth Proof | C14: 229502.65 | E14: 200995.37 | F14: 6194.0994 | J14: 436692.12
A15: Strength Recovery | C15: 569300.97 | E15: 962450.55 | F15: 7168.9348 | J15: 1538920.5
A16: Styling | E16: 364.57 | F16: 5570.8464 | J16: 5935.4164
A17: Volume Bloom | C17: 607385.88 | E17: 778229.78 | F17: 11366.216 | J17: 1396981.9
A18: Biolage - Brand | C18: 951135.75 | D18: 254300.29 | E18: 931550.72 | F18: 727210.62 | G18: 536423.17 | H18: 135617.74 | I18: 110000 | J18: 3646238.3
A19: Grand Total | B19: 94675.35 | C19: 4296571.7 | D19: 312417.04 | E19: 6125927.3 | F19: 822756.1 | G19: 2537752.5 | H19: 410117.34 | I19: 688238.89 | J19: 15288456
A24: Sum of Spend | B24: Column Labels
A25: Row Labels | B25: All in One | C25: Blowdry Cream | D25: Bond Therapy | E25: Color Last | F25: Full Density | G25: Full Rescue | H25: Hydra Source | I25: Prime Day | J25: Scalp Sync | K25: Smooth Proof | L25: Strength Recovery | M25: Styling | N25: Volume Bloom | O25: Biolage - Brand | P25: Grand Total
A26: CPP-DDM | G26: 94675.35 | P26: 94675.35
A27: Display-Amazon | D27: 21587.367 | E27: 799038.83 | H27: 797609.72 | J27: 321010.55 | K27: 229502.65 | L27: 569300.97 | N27: 607385.88 | O27: 951135.75 | P27: 4296571.7
A28: OTT-Amazon | J28: 58116.753 | O28: 254300.29 | P28: 312417.04
A29: Search-Amazon | D29: 29032.5 | E29: 1295363.3 | H29: 1348405.9 | J29: 579534.62 | K29: 200995.37 | L29: 962450.55 | M29: 364.57 | N29: 778229.78 | O29: 931550.72 | P29: 6125927.3
A30: Search-Google | B30: 5286.7018 | D30: 5419.1289 | E30: 8222.2716 | F30: 9220.137 | H30: 19047.883 | J30: 18049.254 | K30: 6194.0994 | L30: 7168.9348 | M30: 5570.8464 | N30: 11366.216 | O30: 727210.62 | P30: 822756.1
A31: Social-Meta | C31: 23633 | D31: 323624.28 | E31: 199995.85 | G31: 262918.33 | H31: 718990.15 | I31: 247669.29 | J31: 224498.4 | O31: 536423.17 | P31: 2537752.5
A32: Social-Pinterest | G32: 50000 | J32: 224499.6 | O32: 135617.74 | P32: 410117.34
A33: Social-TikTok | G33: 374960.28 | H33: 203278.61 | O33: 110000 | P33: 688238.89
A34: Grand Total | B34: 5286.7018 | C34: 23633 | D34: 379663.28 | E34: 2302620.2 | F34: 9220.137 | G34: 782553.96 | H34: 3087332.3 | I34: 247669.29 | J34: 1425709.2 | K34: 436692.12 | L34: 1538920.5 | M34: 5935.4164 | N34: 1396981.9 | O34: 3646238.3 | P34: 15288456

Sheet Week Mapping
A1: Week | B1: WeekMapping
A2: 45843 | B2: TTM
A3: 45836 | B3: TTM
A4: 45829 | B4: TTM
A5: 45822 | B5: TTM
A6: 45815 | B6: TTM
A7: 45808 | B7: TTM
A8: 45801 | B8: TTM
A9: 45794 | B9: TTM
A10: 45787 | B10: TTM
A11: 45780 | B11: TTM
A12: 45773 | B12: TTM
A13: 45766 | B13: TTM
... A107: 45108 | B107: PY

Sheet Spend by Tactic
A3: Row Labels | B3: Sum of Spend
A4: Amazon | B4: 10734916
A5: 44927 | B5: 2597292.7 | C5: 2500000
A6: 45292 | B6: 5399196.1 | C6: 5258000
A7: 45658 | B7: 2738427.3 | C7: 2764900
A8: Meta | B8: 2537752.5
A9: 44927 | B9: 552252.7 | C9: 593600
A10: 45292 | B10: 1262583.5 | C10: 1200000
A11: 45658 | B11: 722916.32 | C11: 760000
A12: Pinterest | B12: 410117.34
A13: 44927 | B13: 135617.74 | C13: 138500
A14: 45292 | B14: 224499.6 | C14: 224000
A15: 45658 | B15: 50000 | C15: 0
A16: TikTok | B16: 688238.89
A17: 45658 | B17: 688238.89 | C17: 590000
A18: Google | B18: 822756.1
A19: 44927 | B19: 340892.88 | C19: 339000
A20: 45292 | B20: 481862.21 | C20: 481600
A21: 45658 | B21: 1.00996 | C21: 0
A22: Grand Total | B22: 15193781 | C22: =SUM(C5:C21) -> 14849600 | D22: =GETPIVOTDATA("Spend",$A$3)-C22 -> 344180.86 | E22: =D22/GETPIVOTDATA("Spend",$A$3) -> 0.022652746

Sheet Sheet5
A3: Brand | B3: Franchise | C3: Channel | D3: Platform | E3: Landing Page | F3: Week End | G3: Year | H3: Sum of Spend | I3: Sum of Impressions
A4: Biolage | B4: Full Rescue | C4: CPP | D4: DDM | E4: Amazon | F4: 45815 | G4: 2025 | H4: 18951.04 | I4: 1036757
A5: Biolage | B5: Full Rescue | C5: CPP | D5: DDM | E5: Amazon | F5: 45822 | G5: 2025 | H5: 24468.21 | I5: 1415163
A6: Biolage | B6: Full Rescue | C6: CPP | D6: DDM | E6: Amazon | F6: 45829 | G6: 2025 | H6: 25189.44 | I6: 1904704
A7: Biolage | B7: Full Rescue | C7: CPP | D7: DDM | E7: Amazon | F7: 45836 | G7: 2025 | H7: 24270.75 | I7: 1438910
A8: Biolage | B8: Full Rescue | C8: CPP | D8: DDM | E8: Amazon | F8: 45843 | G8: 2025 | H8: 1795.91 | I8: 124320

Sheet Sheet2
A1: Channel | B1: Platform | C1: Brand | D1: Franchise | E1: Date | F1: Week End | G1: Year | H1: Landing Page | I1: Campaign Name (based on LUSA taxonomy name on the IO) | J1: Package Name (based on LUSA taxonomy name on the IO) | K1: Placement Name (based on the LUSA taxonomy name on the IO) | L1: Creative Name (based on LUSA taxonomy) | M1: Spend | N1: Impressions
A2: CPP | B2: DDM | C2: Biolage | D2: Full Rescue | E2: 45810 | F2: =E2 + (7 - WEEKDAY(E2, 1)) -> 45815 | G2: 2025 | H2: Amazon | I2: blg_haca_bfr_2025-direct_00469647_pmc_direct_2025_bfr_001_x | J2: blg_haca_bfr_2025-direct_dis-aw-flf_00469647_direct-people-summer-hair-editorial-content-package-plus-4x-articles-package-plus-related-content_ddmer_ros_x | K2: dotdash-meredith_dis_3p-audiences_x_ct_m-w_2-+_en_cr_dir_all_flf_p34xlw8_summer-hair-editorial-medium-rectangle_x_arch_300x250_tbd_x_x_x | L2: full-rescue_local_300x250_x_shop-now_e-amazon_bfr_x | M2: 994.54 | N2: 49727
A3: CPP | B3: DDM | C3: Biolage | D3: Full Rescue | E3: 45810 | F3: =E3 + (7 - WEEKDAY(E3, 1)) -> 45815 | G3: 2025 | H3: Amazon | I3: blg_haca_bfr_2025-direct_00469647_pmc_direct_2025_bfr_001_x | J3: blg_haca_bfr_2025-direct_dis-aw-flf_00469647_direct-people-summer-hair-editorial-content-package-plus-4x-articles-package-plus-related-content_ddmer_ros_x | K3: dotdash-meredith_dis_3p-audiences_x_ct_m-w_2-+_en_dsk_dir_all_flf_p34xlw2_summer-hair-editorial-desktop-leaderboard_x_arch_728x90_tbd_x_x_x | L3: full-rescue_local_728x90_x_shop-now_e-amazon_bfr_x | M3: 57.94 | N3: 2897
A4: CPP | B4: DDM | C4: Biolage | D4: Full Rescue | E4: 45810 | F4: =E4 + (7 - WEEKDAY(E4, 1)) -> 45815 | G4: 2025 | H4: Amazon | I4: blg_haca_bfr_2025-direct_00469647_pmc_direct_2025_bfr_001_x | J4: blg_haca_bfr_2025-direct_dis-aw-flf_00469647_direct-people-summer-hair-editorial-content-package-plus-4x-articles-package-plus-related-content_ddmer_ros_x | K4: dotdash-meredith_dis_3p-audiences_x_ct_m-w_2-+_en_mt_dir_all_flf_p34xlwj_summer-hair-editorial-static-smartphone-ad_x_arch_320x50_tbd_x_x_x | L4: full-rescue_local_320x50_x_shop-now_e-amazon_bfr_x | M4: 4.8 | N4: 240
A5: CPP | B5: DDM | C5: Biolage | D5: Full Rescue | E5: 45810 | F5: =E5 + (7 - WEEKDAY(E5, 1)) -> 45815 | G5: 2025 | H5: Amazon | I5: blg_haca_bfr_2025-direct_00469647_pmc_direct_2025_bfr_001_x | J5: blg_haca_bfr_2025-direct_dis-aw-vad_00469647_direct-ddm-portfolio-added-value-run-of-network-media-package_ddmer_ron_x | K5: dotdash-meredith_dis_3p-audiences_x_x_m-w_2-+_en_cr_dir_all_vad_p34xlxh_added-value-run-of-network-medium-rectangle_x_arch_300x250_tbd_x_x_x | L5: full-rescue_local_300x250_x_shop-now_e-amazon_bfr_x | M5: 0 | N5: 21317
A6: CPP | B6: DDM | C6: Biolage | D6: Full Rescue | E6: 45810 | F6: =E6 + (7 - WEEKDAY(E6, 1)) -> 45815 | G6: 2025 | H6: Amazon | I6: blg_haca_bfr_2025-direct_00469647_pmc_direct_2025_bfr_001_x | J6: blg_haca_bfr_2025-direct_dis-aw-vad_00469647_direct-ddm-portfolio-added-value-run-of-network-media-package_ddmer_ron_x | K6: dotdash-meredith_dis_3p-audiences_x_x_m-w_2-+_en_dsk_dir_all_vad_p34xlxd_added-value-network-media-desktop-leaderboard_x_arch_728x90_tbd_x_x_x | L6: full-rescue_local_728x90_x_shop-now_e-amazon_bfr_x | M6: 0 | N6: 4602
A7: CPP | B7: DDM | C7: Biolage | D7: Full Rescue | E7: 45811 | F7: =E7 + (7 - WEEKDAY(E7, 1)) -> 45815 | G7: 2025 | H7: Amazon | I7: blg_haca_bfr_2025-direct_00469647_pmc_direct_2025_bfr_001_x | J7: blg_haca_bfr_2025-direct_dis-aw-flf_00469647_direct-people-summer-hair-editorial-content-package-plus-4x-articles-package-plus-related-content_ddmer_ros_x | K7: dotdash-meredith_dis_3p-audiences_x_ct_m-w_2-+_en_cr_dir_all_flf_p34xlw8_summer-hair-editorial-medium-rectangle_x_arch_300x250_tbd_x_x_x | L7: full-rescue_local_300x250_x_shop-now_e-amazon_bfr_x | M7: 2411.82 | N7: 120591
A8: CPP | B8: DDM | C8: Biolage | D8: Full Rescue | E8: 45811 | F8: =E8 + (7 - WEEKDAY(E8, 1)) -> 45815 | G8: 2025 | H8: Amazon | I8: blg_haca_bfr_2025-direct_00469647_pmc_direct_2025_bfr_001_x | J8: blg_haca_bfr_2025-direct_dis-aw-flf_00469647_direct-people-summer-hair-editorial-content-package-plus-4x-articles-package-plus-related-content_ddmer_ros_x | K8: dotdash-meredith_dis_3p-audiences_x_ct_m-w_2-+_en_dsk_dir_all_flf_p34xlw2_summer-hair-editorial-desktop-leaderboard_x_arch_728x90_tbd_x_x_x | L8: full-rescue_local_728x90_x_shop-now_e-amazon_bfr_x | M8: 186.62 | N8: 9331
A9: CPP | B9: DDM | C9: Biolage | D9: Full Rescue | E9: 45811 | F9: =E9 + (7 - WEEKDAY(E9, 1)) -> 45815 | G9: 2025 | H9: Amazon | I9: blg_haca_bfr_2025-direct_00469647_pmc_direct_2025_bfr_001_x | J9: blg_haca_bfr_2025-direct_dis-aw-flf_00469647_direct-people-summer-hair-editorial-content-package-plus-4x-articles-package-plus-related-content_ddmer_ros_x | K9: dotdash-meredith_dis_3p-audiences_x_ct_m-w_2-+_en_mt_dir_all_flf_p34xlwj_summer-hair-editorial-static-smartphone-ad_x_arch_320x50_tbd_x_x_x | L9: full-rescue_local_320x50_x_shop-now_e-amazon_bfr_x | M9: 11.8 | N9: 590
A10: CPP | B10: DDM | C10: Biolage | D10: Full Rescue | E10: 45811 | F10: =E10 + (7 - WEEKDAY(E10, 1)) -> 45815 | G10: 2025 | H10: Amazon | I10: blg_haca_bfr_2025-direct_00469647_pmc_direct_2025_bfr_001_x | J10: blg_haca_bfr_2025-direct_dis-aw-vad_00469647_direct-ddm-portfolio-added-value-run-of-network-media-package_ddmer_ron_x | K10: dotdash-meredith_dis_3p-audiences_x_x_m-w_2-+_en_cr_dir_all_vad_p34xlxh_added-value-run-of-network-medium-rectangle_x_arch_300x250_tbd_x_x_x | L10: full-rescue_local_300x250_x_shop-now_e-amazon_bfr_x | M10: 0 | N10: 69097
A11: CPP | B11: DDM | C11: Biolage | D11: Full Rescue | E11: 45811 | F11: =E11 + (7 - WEEKDAY(E11, 1)) -> 45815 | G11: 2025 | H11: Amazon | I11: blg_haca_bfr_2025-direct_00469647_pmc_direct_2025_bfr_001_x | J11: blg_haca_bfr_2025-direct_dis-aw-vad_00469647_direct-ddm-portfolio-added-value-run-of-network-media-package_ddmer_ron_x | K11: dotdash-meredith_dis_3p-audiences_x_x_m-w_2-+_en_dsk_dir_all_vad_p34xlxd_added-value-network-media-desktop-leaderboard_x_arch_728x90_tbd_x_x_x | L11: full-rescue_local_728x90_x_shop-now_e-amazon_bfr_x | M11: 0 | N11: 4525
A12: CPP | B12: DDM | C12: Biolage | D12: Full Rescue | E12: 45812 | F12: =E12 + (7 - WEEKDAY(E12, 1)) -> 45815 | G12: 2025 | H12: Amazon | I12: blg_haca_bfr_2025-direct_00469647_pmc_direct_2025_bfr_001_x | J12: blg_haca_bfr_2025-direct_dis-aw-flf_00469647_direct-people-summer-hair-editorial-content-package-plus-4x-articles-package-plus-related-content_ddmer_ros_x | K12: dotdash-meredith_dis_3p-audiences_x_ct_m-w_2-+_en_cr_dir_all_flf_p34xlw8_summer-hair-editorial-medium-rectangle_x_arch_300x250_tbd_x_x_x | L12: full-rescue_local_300x250_x_shop-now_e-amazon_bfr_x | M12: 2508.52 | N12: 125426
A13: CPP | B13: DDM | C13: Biolage | D13: Full Rescue | E13: 45812 | F13: =E13 + (7 - WEEKDAY(E13, 1)) -> 45815 | G13: 2025 | H13: Amazon | I13: blg_haca_bfr_2025-direct_00469647_pmc_direct_2025_bfr_001_x | J13: blg_haca_bfr_2025-direct_dis-aw-flf_00469647_direct-people-summer-hair-editorial-content-package-plus-4x-articles-package-plus-related-content_ddmer_ros_x | K13: dotdash-meredith_dis_3p-audiences_x_ct_m-w_2-+_en_dsk_dir_all_flf_p34xlw2_summer-hair-editorial-desktop-leaderboard_x_arch_728x90_tbd_x_x_x | L13: full-rescue_local_728x90_x_shop-now_e-amazon_bfr_x | M13: 187.66 | N13: 9383
... A230: CPP | B230: DDM | C230: Biolage | D230: Full Rescue | E230: 45838 | F230: =E230 + (7 - WEEKDAY(E230, 1)) -> 45843 | G230: 2025 | H230: Amazon | I230: blg_haca_bfr_2025-direct_00469647_pmc_direct_2025_bfr_001_x | J230: dotdash-meredith_soc_3p-audiences_x_bh_m-w_2-+_en_cr_dir_all_cpe_p34xltq_people-edit-credit-amplify-social-dark-post-driving-to-brand-spokes-announcement-article_x_arch_1x1_tbd_x_x_x | K230: dotdash-meredith_soc_3p-audiences_x_bh_m-w_2-+_en_cr_dir_all_cpe_p34xltq_people-edit-credit-amplify-social-dark-post-driving-to-brand-spokes-announcement-article_x_arch_1x1_tbd_x_x_x | L230: Biolage_PEO_FB Feed_biolage-exclusive-interview_v1 | M230: 98.75 | N230: 746

Sheet FranchiseMapping
A1: {=_xlfn.UNIQUE(sheet1!D1:D1895)} -> FranchiseExtract | B1: Franchise
A2: na | B2: Biolage
A3: bfr | B3: Full Rescue
A4: q3-haca-colorlast | B4: Color Last
A5: scalp | B5: Scalp Sync
A6: hydrasource | B6: Hydrasource
A7: mult | B7: Biolage
A8: hys | B8: Hydrasource
A9: scalp-sync | B9: Scalp Sync
A10: bond-therapy | B10: Bond Therapy
A11: haca-colorlast-q3 | B11: Color Last
A12: oct-prime-day | B12: Prime Day
A13: blowdrycream | B13: Blowdry Cream
... A15: bondtherapy | B15: Bond Therapy
